id,section,status,description,expected,measured,detail
C01,2.3 / 11,PASS,"Snapshot totals: 430,991 lines, n = 2..76; 189,707 classes at n <= 20, 241,165 stored at 21 <= n <= 57, 119 at n = 58..76; every line decodes (2 points per row/column) and no collinear triple in any class of the checked coverage",lines 430991; sums 189707/241165/119; 0 decode/degree/triple failures,"{""decode_errors"": 0, ""degree_errors"": 0, ""lines"": 430991, ""n_max"": 76, ""n_min"": 2, ""sum_21_57"": 241165, ""sum_58_76"": 119, ""sum_le20"": 189707, ""triple_failures"": 0}","collinearity checked on every n <= 20 class, every corpus class, and the scan witnesses (n = 21, 22, 23, 26, 28)"
C02,2.3 / 4.2,PASS,"Per-n class counts n = 5..20 and labeled totals (class count x true orbit size), matching A000755 / A000769 exactly","classes [5, 11, 22, 57, 51, 156, 158, 566, 499, 1366, 3978, 5900, 7094, 19204, 32577, 118057]; labeled [32, 50, 132, 380, 368, 1135, 1120, 4348, 3622, 10568, 30634, 46304, 55576, 152210, 258176, 941580]","{""classes"": [5, 11, 22, 57, 51, 156, 158, 566, 499, 1366, 3978, 5900, 7094, 19204, 32577, 118057], ""labeled"": [32, 50, 132, 380, 368, 1135, 1120, 4348, 3622, 10568, 30634, 46304, 55576, 152210, 258176, 941580]}","n = 2..4 classes {2: 1, 3: 1, 4: 4}"
C03,4.2,PASS,"rot180-invariant and any-symmetry labeled counts, n = 5..20","r180 [0, 18, 40, 36, 28, 67, 120, 144, 330, 276, 1134, 784, 1128, 1330, 2376, 2736]; any [8, 18, 44, 60, 40, 79, 144, 156, 366, 296, 1186, 840, 1176, 1386, 2440, 2804]","{""any"": [8, 18, 44, 60, 40, 79, 144, 156, 366, 296, 1186, 840, 1176, 1386, 2440, 2804], ""r180"": [0, 18, 40, 36, 28, 67, 120, 144, 330, 276, 1134, 784, 1128, 1330, 2376, 2736]}",
C04,4.1,PASS,"n = 20 decomposition: 675 rot2 + 16 rot4 + 2 dia2 + 17 dia1 + 117,347 iden = 118,057 classes (rct4 = 0); true rot180-invariant classes 693; any symmetry 710; labeled rot180 2,736; any symmetry 2,804","{rot2: 675, rot4: 16, dia2: 2, dia1: 17, iden: 117347, rct4: 0}","{""any_classes"": 710, ""any_labeled"": 2804, ""markers"": {""dia1"": 17, ""dia2"": 2, ""iden"": 117347, ""rot2"": 675, ""rot4"": 16}, ""r180_classes"": 693, ""r180_labeled"": 2736}",
C05,2.2 / 4.1,PASS,Marker audit for every n <= 20 class: the true D4 stabilizer matches the symmetry declared by the marker,0 mismatches,"{""mismatches"": {}}",n <= 20
C06,3,PASS,"L(n) table n = 2..20: L(n), lexicographic minimum spectrum, number of minimizer classes; minimizer spectrum multisets at n = 9, 11, 17, 20","{2: (2, [2], 1), 3: (3, [3], 1), 4: (2, [2, 2], 3), 5: (5, [5], 5), 6: (3, [3, 3], 1), 7: (3, [2, 2, 3], 5), 8: (2, [2, 2, 2, 2], 5), 9: (3, [2, 2, 2, 3], 3), 10: (2, [2, 2, 2, 2, 2], 4), 11: (3, [2, 2, 2, 2, 3], 5), 12: (3, [2, 2, 2, 3, 3], 4), 13: (3, [2, 2, 2, 2, 2, 3], 4), 14: (3, [2, 2, 2, 2, 3, 3], 4), 15: (3, [2, 2, 2, 3, 3, 3], 1), 16: (3, [2, 2, 2, 2, 2, 3, 3], 4), 17: (4, [2, 2, 2, 2, 2, 3, 4], 5), 18: (3, [2, 2, 2, 2, 2, 2, 3, 3], 4), 19: (3, [2, 2, 2, 2, 2, 2, 2, 2, 3], 1), 20: (3, [2, 2, 2, 2, 3, 3, 3, 3], 2)}","{""minimizer_spectra"": {""10"": [[2, 2, 2, 2, 2]], ""11"": [[2, 2, 2, 2, 3], [2, 3, 3, 3]], ""12"": [[2, 2, 2, 3, 3], [3, 3, 3, 3]], ""13"": [[2, 2, 2, 2, 2, 3]], ""14"": [[2, 2, 2, 2, 3, 3], [2, 3, 3, 3, 3]], ""15"": [[2, 2, 2, 3, 3, 3]], ""16"": [[2, 2, 2, 2, 2, 3, 3], [2, 2, 3, 3, 3, 3]], ""17"": [[2, 2, 2, 2, 2, 3, 4], [2, 3, 4, 4, 4]], ""18"": [[2, 2, 2, 2, 2, 2, 3, 3], [2, 2, 2, 3, 3, 3, 3]], ""19"": [[2, 2, 2, 2, 2, 2, 2, 2, 3]], ""2"": [[2]], ""20"": [[2, 2, 2, 2, 3, 3, 3, 3], [2, 3, 3, 3, 3, 3, 3]], ""3"": [[3]], ""4"": [[2, 2]], ""5"": [[5]], ""6"": [[3, 3]], ""7"": [[2, 2, 3]], ""8"": [[2, 2, 2, 2]], ""9"": [[2, 2, 2, 3], [3, 3, 3]]}, ""mismatch_n"": []}",
C07,3,PASS,"L = 2 holds exactly at n in {2, 4, 8, 10} within n <= 20 (classes/labeled 1/1, 3/9, 5/20, 4/11) and nowhere else; the N3 series (labeled max-cycle <= 3 counts) at n = 8..20 is 48, 20, 31, 24, 24, 20, 18, 8, 18, 0, 16, 4, 8","L2 = {2: (1, 1), 4: (3, 9), 8: (5, 20), 10: (4, 11)}; N3 = [48, 20, 31, 24, 24, 20, 18, 8, 18, 0, 16, 4, 8]","{""L2"": {""10"": [4, 11], ""2"": [1, 1], ""4"": [3, 9], ""8"": [5, 20]}, ""N3"": [48, 20, 31, 24, 24, 20, 18, 8, 18, 0, 16, 4, 8]}",
C08,2.3 / 3 / 11,PASS,"Scan over the stored classes, 21 <= n <= 57: 241,165 classes / 900,672 labeled; minimum max-spectrum L(21) = 3, L(22) <= 4, L(23) <= 4, L(26) = L(28) = 2 (one ort1 class, 4 labeled each, all-2 spectra), no other L = 2 witness in 21..57, min 35: 13, min 57: 10; N3^known(21) = 2 classes / 8 labeled (spectra (2,2,2,3,3,3,3,3)); N3^known(22) = 0 over 1,285; N3^known(23) = 0 over 4,033","sums 241165 / 900672; mins {21:3, 22:4, 23:4, 26:2, 28:2, 35:13, 57:10}; L2 only at {26, 28}; N3 21: 2/8, 22: 0/1285, 23: 0/4033","{""L2_at"": [26, 28], ""mins"": {""21"": 3, ""22"": 4, ""23"": 4, ""24"": 4, ""25"": 4, ""26"": 2, ""27"": 4, ""28"": 2, ""29"": 4, ""30"": 4, ""31"": 4, ""32"": 6, ""33"": 7, ""34"": 5, ""35"": 13, ""36"": 4, ""37"": 10, ""38"": 5, ""39"": 8, ""40"": 4, ""41"": 16, ""42"": 5, ""43"": 14, ""44"": 6, ""45"": 8, ""46"": 5, ""47"": 10, ""48"": 5, ""49"": 7, ""50"": 5, ""51"": 7, ""52"": 5, ""53"": 8, ""54"": 4, ""55"": 7, ""56"": 5, ""57"": 10, ""58"": 7, ""59"": 59, ""60"": 10, ""61"": 55, ""62"": 15, ""63"": 30, ""64"": 14, ""65"": 30, ""66"": 16, ""67"": 18, ""68"": 50, ""69"": 47, ""70"": 17, ""72"": 36, ""74"": 62, ""76"": 66}, ""n21_L3"": [2, 8], ""n21_L3_spectra"": [[2, 2, 2, 3, 3, 3, 3, 3], [2, 2, 2, 3, 3, 3, 3, 3]], ""n22"": 1285, ""n23"": 4033, ""sums"": [241165, 900672]}","witnesses at n = 21, 22, 23, 26, 28 pass the no-triple check"
C09,2.3 / 4.1 / 3,PASS,"Corpus: 959 classes, n = 57..76; D4-orbit histogram {2: 112, 4: 846, 8: 1}, 3,616 labeled (112 rot4 + 840 rct4 + 6 rot2 + 1 iden); n = 57 section: 833 rct4 + 6 rot2 + 1 iden = 840 classes, 3,364 labeled; rct4 spread 833@57, 1 each at 59, 61, 63, 65, 67, 2@69; L-bounds L(57) <= 10, L(58) <= 7, L(70) <= 17; the n = 57 iden class has orbit 8 and spectrum (2, 4, 4, 47)","959 / {2:112, 4:846, 8:1} / 3616; 840 / 3364; mins 10/7/17; iden 57: orbit 8, (2,4,4,47)","{""b4_classes"": 957, ""blocked_pct"": 99.88938053097345, ""classes"": 959, ""iden57_orbit"": 8, ""iden57_spectrum"": [2, 4, 4, 47], ""labeled"": 3616, ""markers"": {""iden"": 1, ""rct4"": 840, ""rot2"": 6, ""rot4"": 112}, ""minL"": {""57"": 10, ""58"": 7, ""59"": 59, ""60"": 10, ""61"": 55, ""62"": 15, ""63"": 30, ""64"": 14, ""65"": 30, ""66"": 16, ""67"": 18, ""68"": 50, ""69"": 47, ""70"": 17, ""72"": 36, ""74"": 62, ""76"": 66}, ""n57_classes"": 840, ""n57_labeled"": 3364, ""near_min"": {""57"": 4, ""58"": 8, ""66"": 8}, ""near_pairs"": 37, ""near_pairs_by_n"": {""57"": 34, ""58"": 2, ""66"": 1}, ""open_labeled"": 4, ""orbit_hist"": {""2"": 112, ""4"": 846, ""8"": 1}, ""rct4_audit"": [840, 840], ""rct4_spread"": {""57"": 833, ""59"": 1, ""61"": 1, ""63"": 1, ""65"": 1, ""67"": 1, ""69"": 2}, ""sec_max"": 14, ""sec_mean_57"": 5.130796670630202, ""sec_mean_76"": 7.0, ""sec_mean_all"": 5.148230088495575}",
C10,2.2 / 4.1,PASS,"Every corpus rct4 class has true stabilizer exactly {I, R180} (orbit 4, no reflection, no quarter-turn representative)","840 / 840 with stabilizer (0, 2)","{""rct4_count"": 840, ""with_stab_01"": 840}",
C11,7,PASS,"Corner barrier: labeled blocked share of the frontier corner (n,n) at n = 8..20; class b-histograms; b = 4 share; labeled open counts; small-n open shares n = 2..7; corpus 957/959 classes b = 4, 4 open labeled of 3,616 (99.889%)","blocked [96.3, 99.5, 97.7, 93.6, 98.1, 98.0, 98.2, 98.9, 99.1, 98.3, 99.1, 98.3, 99.14]; open [14, 2, 26, 72, 83, 71, 194, 346, 401, 926, 1438, 4298, 8118]; small {2: 0.0, 3: 50.0, 4: 0.0, 5: 31.25, 6: 0.0, 7: 7.58}","{""blocked_pct"": [96.32, 99.46, 97.71, 93.57, 98.09, 98.04, 98.16, 98.87, 99.13, 98.33, 99.06, 98.34, 99.14], ""open_labeled"": [14, 2, 26, 72, 83, 71, 194, 346, 401, 926, 1438, 4298, 8118], ""small_open"": {""2"": 0.0, ""3"": 50.0, ""4"": 0.0, ""5"": 31.25, ""6"": 0.0, ""7"": 7.58}}",
C12,7,PASS,"Labeled-corner secant-count means 1.90 -> 3.22 over n = 8..20; maxima 4 (n = 8), 10 (n = 20); corpus 5.13 at n = 57, 7.00 at n = 76, 5.15 overall, max 14","means [1.9, 2.2, 2.49, 2.02, 2.64, 2.43, 2.62, 2.98, 3.11, 2.77, 3.13, 2.83, 3.22]; corpus 5.13 / 7.00 / 5.15 / 14","{""corpus_mean"": 5.148230088495575, ""means"": [1.9, 2.196, 2.494, 2.021, 2.642, 2.43, 2.615, 2.975, 3.115, 2.773, 3.126, 2.832, 3.222]}",
C13,2.3,PASS,"Chaffin's asymmetric-class counts reproduced exactly: 6,800 at n = 17, 18,853 at n = 18",6800 / 18853 trivial-stabilizer classes,"{""n17"": 6800, ""n18"": 18853}",
C14,5,PASS,"Non-axis equality cases m_S(v) = n: 3/5 classes at n = 5, 10/57 at n = 8, 10/566 at n = 12, 5/5,900 at n = 16, 4/118,057 at n = 20","{5: 3, 8: 10, 12: 10, 16: 5, 20: 4}","{""12"": 10, ""16"": 5, ""20"": 4, ""5"": 3, ""8"": 10}",
C15,5,PASS,"Center cell at odd n: rot180-invariant classes never use it (Theorem B); non-rot180 classes that do: 2/51 at n = 9, 7/158 at n = 11, 21/499 at n = 13, 195/3,978 at n = 15, 331/7,094 at n = 17, 1,457/32,577 at n = 19","{9: 2, 11: 7, 13: 21, 15: 195, 17: 331, 19: 1457}; ThmB: 0","{""11"": 7, ""13"": 21, ""15"": 195, ""17"": 331, ""19"": 1457, ""9"": 2}","ThmB violations {9: 0, 11: 0, 13: 0, 15: 0, 17: 0, 19: 0}"
C16,6,PASS,"Move 1 (4x4-window matching switch): windows n = 4..13 total 521 (508 over n = 8..13; 4 at n = 4; none at n = 5); exactly one valid flip in 8..13 — a self-loop at n = 8, no cross-class flip; n = 4: valid flips in 3 classes; n = 6: 1 class; n = 7: 4 classes, 4 directed cross-class flips forming 2 undirected edges, spectra (2,2,3) -> (2,2,3)",521 / 508 windows; flips: 8..13: 1 valid (same class); n = 4/6/7: 3/1/4 classes; n = 7: 2 edges,"{""classes_with_flip"": {""4"": 3, ""6"": 1, ""7"": 4}, ""n7_edges"": 2, ""valid_flips_8_13"": {""10"": 0, ""11"": 0, ""12"": 0, ""13"": 0, ""8"": 1, ""9"": 0}, ""windows_4_13"": [4, 0, 1, 8, 66, 14, 74, 41, 138, 175]}",
C17,6,PASS,"Move 1' (arbitrary refill): v-distribution over n = 4..13 is v = 1: 473, v = 2: 26, v = 3: 18, v = 11: 4 (the four v = 11 windows are the whole-board windows at n = 4); per-n non-identity totals 40, 1, 12, 36, 0, 3, 2, 2, 6 at n = 4, 6, 7, 8, 9, 10, 11, 12, 13 (none at n = 5); n = 8: 35 of 36 cross-class, class graph 13 edges / 11 classes / components {8, 3}; n = 7: 12 of 12, 6 edges, two 3-class components; n = 4: 33 of 40, 6 edges, one 4-class component; single edges at n = 10, 11, 12, three at n = 13, none at n = 9","v-dist {1: 473, 2: 26, 3: 18, 11: 4}; totals {4: 40, 6: 1, 7: 12, 8: 36, 9: 0, 10: 3, 11: 2, 12: 2, 13: 6}; edges 13/6/6/1/0/1/1/3","{""components"": {""4"": [4], ""7"": [3, 3], ""8"": [8, 3]}, ""edges"": {""10"": 1, ""11"": 1, ""12"": 1, ""13"": 3, ""4"": 6, ""5"": 0, ""6"": 0, ""7"": 6, ""8"": 13, ""9"": 0}, ""nonid_totals"": {""10"": 3, ""11"": 2, ""12"": 2, ""13"": 6, ""4"": 40, ""5"": 0, ""6"": 1, ""7"": 12, ""8"": 36, ""9"": 0}, ""v_distribution"": {""1"": 473, ""11"": 4, ""2"": 26, ""3"": 18}}",
C18,6,PASS,"Move 2 (near-neighbor graph): minimum class distance 4 at every n = 8..17 (realized by the 2-row column exchange, an alternating C4; every d = 4 pair passes the structural check); near-neighbor density (d <= 16) 100% -> 7.0%; edges 734/190/693/212/636/184/155/586/404/322; largest components 57/51/150/74/152/12/5/13/9/7; corpus: 37 pairs at d <= 16 (34 at n = 57, 2 at n = 58, 1 at n = 66), minimum corpus distance 4 (at n = 57)","min dist 4 at all n = 8..17; density [100, 100, 96.2, 65.2, 57.4, 32.5, 18.4, 18.0, 10.0, 7.0]; corpus 37 pairs / min 4","{""corpus_pairs"": {""57"": 34, ""58"": 2, ""66"": 1}, ""density"": [100.0, 100.0, 96.2, 65.2, 57.4, 32.5, 18.4, 18.0, 10.0, 7.0], ""edges"": [734, 190, 693, 212, 636, 184, 155, 586, 404, 322], ""largest_components"": [57, 51, 150, 74, 152, 12, 5, 13, 9, 7], ""min_dist_per_n"": {""10"": [4, 16], ""11"": [4, 14], ""12"": [4, 49], ""13"": [4, 31], ""14"": [4, 41], ""15"": [4, 179], ""16"": [4, 167], ""17"": [4, 176], ""8"": [4, 22], ""9"": [4, 5]}}","The independent implementation includes all 840 n=57 classes and independently reproduces the n=15..17 quotient graphs; these checks guard against the omissions corrected before archive v1.0.1."
C19,4.3,PASS,"The n = 21..56 sections contain iden-marked classes at 22 values of n: 193 at n = 21, 150 at n = 31, double digits 10-115 at n = 22..30, exactly 1 at n = 32, 40, 43, 44, 55, and 3-5 at n = 46, 48, 52, 54, 56","22 values; {21: 193, 31: 150, 32: 1, 40: 1, 43: 1, 44: 1, 55: 1}; 46/48/52/54/56 in 3..5; 22..30 in 10..115","{""counts"": {""21"": 193, ""22"": 10, ""23"": 30, ""24"": 16, ""25"": 41, ""26"": 20, ""27"": 68, ""28"": 22, ""29"": 115, ""30"": 60, ""31"": 150, ""32"": 1, ""40"": 1, ""43"": 1, ""44"": 1, ""46"": 5, ""48"": 4, ""52"": 4, ""54"": 3, ""55"": 1, ""56"": 5, ""57"": 1}, ""values_with_iden"": [21, 22, 23, 24, 25, 26, 27, 28, 29, 30, 31, 32, 40, 43, 44, 46, 48, 52, 54, 55, 56, 57]}",
